ticker,sector,generic_strategy_seed,index_fallback,expiry,dte,stock_price_eod,short_strike_eod,long_strike_eod,preferred_width,construction_source,construction_reason,target_entry,flow_bias,bot_flow_bias,option_flow_bias,dp_flow_bias,dp_directional_ratio,dp_total_premium,dp_prints,dark_pool_weight_applied,combined_flow_bias,flow_total_premium,iv_rank,iv30d,raw_uw_volatility,realized_volatility_30d,realized_volatility_source,iv_hv_ratio,iv_hv_spread,implied_move_perc,next_earnings_dt,source_contract,source_contract_role,short_leg_eod,long_leg_eod,source_contract_volume,source_contract_oi,source_ask_side_volume,source_bid_side_volume,source_mid_volume,source_sweep_volume,source_cross_volume,source_multileg_volume,source_stock_multileg_volume,source_multileg_ratio,source_stock_multileg_ratio,source_side_bias,execution_authority,bot_bull_premium,bot_bear_premium,bot_total_premium,bot_call_ask_premium,bot_call_bid_premium,bot_put_ask_premium,bot_put_bid_premium,bot_multileg_premium,bot_multileg_ratio,bot_volume_oi_ratio,bot_unique_expiries,bot_unique_strikes,bot_trades,direction,strategy,strategy_key,strategy_registry_key,strategy_kind,edge_type,flow_quality,flow_quality_reason,estimated_eod_credit,estimated_eod_debit,estimated_credit_pct_width,estimated_debit_pct_width,anchor_strike,expected_move_ratio,distance_pct,breakeven_distance_pct,candidate_coverage_source,oi_carryover_status,oi_carryover_reason,short_leg_oi_change,long_leg_oi_change,short_leg_side_bias,long_leg_side_bias,oi_source_file,short_leg_oi_context,long_leg_oi_context,credit_pct_proxy,debit_pct_proxy,replay_price_annotation,bot_flow_source_status,dark_pool_source_status,chain_oi_source_status,asof,regime,debit_policy_version,credit_policy_version,replay_policy_version,evaluated,eval_day,future_close,win,breach_pct,entry_side,entry_price_annotation,target_debit_miss_pct,exact_fillable,fill_reason,entry_width,sell_leg_bid,sell_leg_ask,sell_leg_mid,buy_leg_bid,buy_leg_ask,buy_leg_mid,entry_quote_width_pct,sell_leg_quote_source,buy_leg_quote_source,sell_leg_quote_timestamp,buy_leg_quote_timestamp,entry_price,entry_mid_debit,entry_natural_debit,entry_debit,entry_debit_pct_width,target_entry_debit,target_debit,reward_risk,breakeven,signal_day,entry_day,entry_dte,stock_price_entry,entry_timing,replay_execution_version,exact_evaluated,exit_day,exit_reason,exit_value,target_exit_value,stop_exit_value,pnl_1x,return_on_risk,exact_win,quote_days_seen,replay_guard_pass,replay_guard_reason,entry_mid_credit,entry_natural_credit,entry_credit,entry_credit_pct_width,exit_debit,exact_reason,reason,decision_pass,decision_score,decision_reason,decision_tier,debit_profit_take_pct,debit_exit_policy_version,date,close,rsi14,sma5,sma20,return5,return20,relative_strength5,relative_strength20,atr14_pct,vwap20,volume_ratio,breakeven_sigma,debit_pct_width,earnings_known,earnings_crosses,aligned_flow,aligned_dp,aligned_rsi,aligned_sma5_20,aligned_price_sma20,aligned_return5,aligned_return20,aligned_rs5,aligned_rs20,aligned_vwap,ask_bid_imbalance,log_contract_volume,log_contract_oi,stress_pnl_0pct,stress_pnl_5pct,stress_pnl_10pct,stress_pnl_15pct,technical_confirmation_count,flow_confirmation_count,market_regime_aligned,stress_win_10pct,predicted_win_probability,conservative_win_payoff,conservative_loss_payoff,predicted_ev_payoff_correct,predicted_ev_1x,prior_sample_size
PYPL,Financial Services,,False,2026-04-17,21,43.59,47.5,45.0,2.5,uw_flow_anchor_seed,candidate seed built from the closest liquid UW hot-chain contract before Schwab live spread expansion,1.12,-0.1913661295261076,-0.1689633458747006,-0.1835251552481151,-0.1215515913440684,0.8204750887057687,48549259.917,239.0,0.0,-0.1835251552481151,10415213.0,42.0803,0.452897938945385,4.56061382156218,0.3199222814263028,screener_close_history_21d,1.4156498788588263,0.1329756575190821,0.002757753693084,2026-05-05,PYPL260417C00045000,long,PYPL260417C00047500,PYPL260417C00045000,916.0,9649.0,362.0,531.0,23.0,36.0,0.0,173.0,1.0,0.1888646288209607,0.0010917030567685,bearish,,4211047.0,6204166.0,11796162.0,2526290.0,3869294.0,2334872.0,1684757.0,114020.0,0.0096658557249383,0.1837786316751438,250.0,627.0,11270.0,Bull Call,Bull Call Debit Spread,bull_call_debit_vertical,bull_call_debit_vertical,Debit,flow+volatility+liquidity/contract flow,unclear,UW flow lacks clean directional confirmation,,1.47,,0.588,45.0,1.6442124815192416,0.0323468685478319,0.0297738974703379,per_ticker_coverage,supportive,exact-leg OI/side bias supports bullish direction,109.0,10.0,bullish,mixed,/Users/anuppamvi/uw_root/tradedesk/2026-03-27/chain-oi-changes-2026-03-27.zip,"premium=30080, volume=260, multi_leg=5","premium=95747, volume=425, multi_leg=10",,0.588,estimated_debit_above_target_kept_for_replay,bot_eod_loaded,dp_eod_loaded,chain_oi_loaded,2026-03-27,downtrend,debit-v3.0-bull-call-only,credit-v4.0-regime-map-validated-rv,debit-v3.0-bull-call-only,True,2026-04-17,50.81,True,-0.0854162566423932,debit,entry_debit_at_or_below_target,,True,filled_at_mid_plus_slippage,2.5,0.8,0.89,0.845,1.72,1.8,1.76,0.1065088757396449,hot_chain,hot_chain,,,1.0,0.915,1.0,1.0,0.4,1.125,1.125,1.5,46.0,2026-03-27,2026-03-30,18,44.67,next_session_hot_chain_eod_fallback,next-session-bot-nbbo-hot-fallback-v2,True,2026-04-15,profit_target_100%,2.124000000000001,2.0,,112.40000000000006,1.1240000000000006,True,9.0,False,debit_policy:regime_not_aligned:downtrend|dte_outside_7_10_or_22_45|flow_alignment_below_0.20,,,,,,,,False,,decision_replay_guard:debit_policy:regime_not_aligned:downtrend|dte_outside_7_10_or_22_45|flow_alignment_below_0.20,,1.0,debit-exit-target-revalue-v1-20260814,2026-03-27,43.59,39.397689768976925,44.668000000000006,45.355045,-0.009543285616905,-0.0566976844838779,0.0127981732849867,0.0189739725373614,0.033330547635434,45.37529858813483,0.7144398338001305,0.2960366792165747,0.4,True,False,-0.1835251552481151,0.8204750887057687,-10.602310231023075,-0.0151481494506287,-0.03891617790259039,-0.009543285616905,-0.0566976844838779,0.0127981732849867,0.0189739725373614,-0.03934516452089343,-0.18924972004479285,6.821107472256465,9.174713194333032,112.4000000000001,107.40000000000009,102.40000000000009,97.4000000000001,1,1,0,1,0.5984205617432079,89.99999999999999,110.00000000000001,9.684112348641563,9.684112348641563,137
NKE,Consumer Cyclical,,False,2026-05-15,43,44.19,47.5,45.0,2.5,uw_flow_anchor_seed,candidate seed built from the closest liquid UW hot-chain contract before Schwab live spread expansion,1.12,-0.1032240958452536,,-0.1032240958452536,-0.0021166169509957,0.867257878627927,402646685.7885,1414.0,0.0,-0.1032240958452536,46891503.0,25.4019,0.3494125980713145,2.726399060245916,0.5661945337940075,screener_close_history_21d,0.6171246404127906,-0.216781935722693,0.0041944649730491,2026-06-25,NKE260515C00045000,long,NKE260515C00047500,NKE260515C00045000,87301.0,4644.0,3777.0,3410.0,914.0,342.0,79200.0,79439.0,4.0,0.9099437578034616,4.581849005166035e-05,mixed,,,,,,,,,,,,,,,Bull Call,Bull Call Debit Spread,bull_call_debit_vertical,bull_call_debit_vertical,Debit,flow+volatility+liquidity/contract flow,spread_leg,multi-leg context dominates (91%); do not read as standalone direction,,1.87,,0.748,45.0,1.977495766936042,0.0183299389002037,0.0419671103581251,per_ticker_coverage,mixed,exact-leg OI has both supportive and contrary side bias,3394.0,4615.0,bearish,bullish,/Users/anuppamvi/uw_root/tradedesk/2026-04-02/chain-oi-changes-2026-04-02.zip,"premium=1.57706e+06, volume=10218, multi_leg=199","premium=1.6471e+06, volume=6059, multi_leg=137",,0.748,estimated_debit_above_target_kept_for_replay,missing_bot_eod_dp_equity_only,dp_eod_loaded,chain_oi_loaded,2026-04-02,range,debit-v3.0-bull-call-only,credit-v4.0-regime-map-validated-rv,debit-v3.0-bull-call-only,True,2026-05-15,41.88,False,0.1191499522445079,debit,entry_debit_at_or_below_target,,True,filled_at_mid_plus_slippage,2.5,0.77,0.83,0.8,1.61,1.65,1.63,0.0749999999999999,hot_chain,hot_chain,,,0.8799999999999999,0.8299999999999998,0.8799999999999999,0.8799999999999999,0.352,1.125,1.125,1.8409090909090913,45.88,2026-04-02,2026-04-06,39,44.0321,next_session_hot_chain_eod_fallback,next-session-bot-nbbo-hot-fallback-v2,True,2026-05-15,expiry_settlement,0.0,1.7599999999999998,,-87.99999999999999,-1.0,False,24.0,False,debit_policy:side_aware_bot_or_directional_contract_flow_required|regime_not_aligned:range|flow_alignment_below_0.20|contract_flow_spread_leg,,,,,,,,False,,decision_replay_guard:debit_policy:side_aware_bot_or_directional_contract_flow_required|regime_not_aligned:range|flow_alignment_below_0.20|contract_flow_spread_leg,,1.0,debit-exit-target-revalue-v1-20260814,2026-04-02,44.19,21.786743515850176,48.861,52.907,-0.1513347416938737,-0.2383660806618408,-0.1679835813906602,-0.2009675396159147,0.0427617754501664,50.27591285646394,2.8008987248135417,0.3674384803228574,0.352,True,False,-0.1032240958452536,0.867257878627927,-28.213256484149824,-0.07647381253898344,-0.16476080669854654,-0.1513347416938737,-0.2383660806618408,-0.1679835813906602,-0.2009675396159147,-0.12105027061048146,0.051064421872825935,11.37712865107272,8.443546651247939,-87.99999999999999,-92.39999999999999,-96.8,-101.19999999999997,0,2,0,0,0.6580852548876418,79.19999999999997,96.8,19.023004860224937,19.023004860224937,291
C,Financial Services,,False,2026-05-15,30,131.69,125.0,130.0,5.0,uw_flow_anchor_seed,candidate seed built from the closest liquid UW hot-chain contract before Schwab live spread expansion,2.25,0.1555373399157444,,0.1555373399157444,0.5027614743521412,0.9558272848026133,413373376.9456,877.0,0.0,0.1555373399157444,68063611.0,45.8972,0.337543600109523,0.3441822463429025,0.3450920883227691,screener_close_history_21d,0.9781261626427497,-0.0075484882132461,0.0173376010100867,2026-07-21,C260515P00130000,long,C260515P00125000,C260515P00130000,3220.0,980.0,1526.0,1613.0,81.0,112.0,0.0,35.0,1750.0,0.0108695652173913,0.5434782608695652,mixed,,,,,,,,,,,,,,,Bear Put,Bear Put Debit Spread,bear_put_debit_vertical,bear_put_debit_vertical,Debit,flow+volatility+liquidity/contract flow,spread_leg,multi-leg context dominates (54%); do not read as standalone direction,,4.25,,0.85,130.0,2.1454106191183064,0.0128331688055281,0.0125444564713159,per_ticker_coverage,supportive,exact-leg OI/side bias supports bearish direction,111.0,804.0,mixed,bearish,/Users/anuppamvi/uw_root/tradedesk/2026-04-15/chain-oi-changes-2026-04-15.zip,"premium=118708, volume=356, multi_leg=138","premium=441803, volume=861, multi_leg=24",,0.85,estimated_debit_above_target_kept_for_replay,missing_bot_eod_dp_equity_only,dp_eod_loaded,chain_oi_loaded,2026-04-15,uptrend,debit-v3.0-bull-call-only,credit-v4.0-regime-map-validated-rv,debit-v3.0-bull-call-only,True,2026-05-15,123.42,True,-0.0188786258304974,debit,entry_debit_above_target,0.0144444444444443,True,filled_at_mid_plus_slippage_entry_debit_above_target,5.0,3.05,3.25,3.15,5.1,5.35,5.225,0.0634920634920635,hot_chain,hot_chain,,,2.2825,2.0749999999999997,2.3,2.2825,0.4564999999999999,2.25,2.25,1.1905805038335162,127.7175,2026-04-15,2026-04-16,29,129.34,next_session_hot_chain_eod_fallback,next-session-bot-nbbo-hot-fallback-v2,True,2026-05-15,expiry_settlement,5.0,4.565,,271.75,1.1905805038335158,True,5.0,False,debit_policy:unsupported_debit_direction,,,,,,,,False,,decision_replay_guard:debit_policy:unsupported_debit_direction,,1.0,debit-exit-target-revalue-v1-20260814,2026-04-15,131.69,75.87191822008417,127.372,116.68425,0.0664021378249251,0.2226348528456039,0.0310032531930408,0.1791786295864614,0.029296616512806,115.88801599476912,0.7955854935215242,0.1318467424304799,0.4565,True,False,-0.1555373399157444,-0.9558272848026133,-25.87191822008417,-0.09159548096679715,-0.1286013322277857,-0.0664021378249251,-0.2226348528456039,-0.0310032531930408,-0.1791786295864614,-0.13635563496008207,0.027715833067856004,8.0774471493312,6.8885724595653635,271.75,260.3375,248.92499999999998,237.51250000000002,0,1,0,1,0.8604166831681211,205.42500000000004,251.07500000000002,141.70521586624733,141.70521586624733,291
BAC,Financial Services,,False,2026-05-15,22,52.47,50.0,52.5,2.5,uw_flow_anchor_seed,candidate seed built from the closest liquid UW hot-chain contract before Schwab live spread expansion,1.12,-0.2354402731712572,-0.2130219268283037,-0.2275938519512235,-0.0822619170338278,0.8346776009618688,182897690.9416,436.0,0.0,-0.2275938519512235,8167770.0,23.8468,0.245776575190867,0.2736293381579025,0.2359579972901397,screener_close_history_21d,1.0416115495702147,0.0098185779007272,0.0097145016681509,2026-07-15,BAC260515P00052500,long,BAC260515P00050000,BAC260515P00052500,743.0,6729.0,374.0,287.0,82.0,9.0,0.0,294.0,0.0,0.395693135935397,0.0,mixed,,3122374.0,5045396.0,9027343.0,1566722.0,3200925.0,1844471.0,1555652.0,359440.0,0.0398168098852563,0.1298376901575953,261.0,439.0,12741.0,Bear Put,Bear Put Debit Spread,bear_put_debit_vertical,bear_put_debit_vertical,Debit,flow+liquidity/contract flow,directional,premium bias -22.8% aligns with Bear Put,,1.35,,0.54,52.5,2.3985155000096334,0.0005717552887364,0.0096349663784822,per_ticker_coverage,mixed,exact-leg OI has both supportive and contrary side bias,215.0,102.0,bearish,bullish,/Users/anuppamvi/uw_root/tradedesk/2026-04-23/chain-oi-changes-2026-04-23.zip,"premium=19597, volume=488, multi_leg=55","premium=98821, volume=1153, multi_leg=72",,0.54,estimated_debit_above_target_kept_for_replay,bot_eod_split_bundle_loaded,dp_eod_loaded,chain_oi_loaded,2026-04-23,range,debit-v3.0-bull-call-only,credit-v4.0-regime-map-validated-rv,debit-v3.0-bull-call-only,True,2026-05-15,49.77,True,-0.0277275467148883,debit,entry_debit_at_or_below_target,,True,filled_at_mid_plus_slippage,2.5,0.42,0.48,0.4499999999999999,1.23,1.4,1.315,0.1333333333333333,bot_eod_first_regular_nbbo,bot_eod_first_regular_nbbo,2026-04-24T13:30:13.100553+00:00,2026-04-24T13:30:13.071365+00:00,0.9515,0.865,0.98,0.9515,0.3806,1.125,1.125,1.627430373095113,51.5485,2026-04-23,2026-04-24,21,52.05,next_session_first_regular_nbbo,next-session-bot-nbbo-hot-fallback-v2,True,2026-05-14,profit_target_100%,1.9395,1.903,,98.79999999999998,1.0383604834471885,True,13.0,False,debit_policy:unsupported_debit_direction,,,,,,,,False,,decision_replay_guard:debit_policy:unsupported_debit_direction,,1.0,debit-exit-target-revalue-v1-20260814,2026-04-23,52.47,69.31249999999996,53.383,51.436249999999994,-0.0194356195103718,0.0763076923076921,-0.0291126710738073,-0.0022983184715166,0.0223039015491845,51.536320949636256,0.678542405273339,0.16343553920044882,0.3806,True,False,0.2275938519512235,-0.8346776009618688,-19.312499999999957,-0.037847821332231746,-0.02009769374711423,0.0194356195103718,-0.0763076923076921,0.0291126710738073,0.0022983184715166,-0.018116913143182645,-0.13161875945537066,6.612041034833092,8.814330422638774,98.8,94.04249999999999,89.285,84.5275,2,1,0,1,0.7262029236869703,85.635,104.665,33.531416377630435,33.531416377630435,291
C,Financial Services,,False,2026-05-15,18,129.14,125.0,130.0,5.0,uw_flow_anchor_seed,candidate seed built from the closest liquid UW hot-chain contract before Schwab live spread expansion,2.25,-0.1144152422704991,-0.1076658635669681,-0.1120529597242633,0.7780915150848162,0.9761578658695312,189636666.3428,218.0,0.0,-0.1120529597242633,11943365.0,43.1374,0.330980744921841,0.3484074792407536,0.365492426261601,screener_close_history_21d,0.9055748386012836,-0.03451168133976,0.024732446032551,2026-07-21,C260515P00130000,long,C260515P00125000,C260515P00130000,1217.0,11057.0,1199.0,17.0,1.0,6.0,0.0,7.0,0.0,0.0057518488085456,0.0,bearish,,5288431.0,6654934.0,12692073.0,3322105.0,4733492.0,1921442.0,1966326.0,334400.0,0.0263471538494933,0.0662801208026729,223.0,632.0,9784.0,Bear Put,Bear Put Debit Spread,bear_put_debit_vertical,bear_put_debit_vertical,Debit,flow+volatility+liquidity/contract flow,directional,premium bias -11.2% aligns with Bear Put,,4.75,,0.95,130.0,2.44007811707201,0.0066594393681277,-0.0010386680152493,per_ticker_coverage,supportive,exact-leg OI/side bias supports bearish direction,570.0,6.0,bearish,bearish,/Users/anuppamvi/uw_root/tradedesk/2026-04-27/chain-oi-changes-2026-04-27.zip,"premium=235144, volume=838, multi_leg=4","premium=59354, volume=112, multi_leg=27",,0.95,estimated_debit_above_target_kept_for_replay,bot_eod_split_bundle_loaded,dp_eod_loaded,chain_oi_loaded,2026-04-27,range,debit-v3.0-bull-call-only,credit-v4.0-regime-map-validated-rv,debit-v3.0-bull-call-only,True,2026-05-15,123.42,True,-0.014827418570734,debit,entry_debit_at_or_below_target,,True,filled_at_mid_plus_slippage,5.0,2.71,2.81,2.76,3.5,4.45,3.975,0.2389937106918239,bot_eod_first_regular_nbbo,bot_eod_first_regular_nbbo,2026-04-28T14:54:08.079591+00:00,2026-04-28T13:30:45.496788+00:00,1.3365000000000005,1.2150000000000003,1.7400000000000002,1.3365000000000005,0.2673000000000001,2.25,2.25,2.741114852225962,128.6635,2026-04-27,2026-04-28,17,128.53,next_session_first_regular_nbbo,next-session-bot-nbbo-hot-fallback-v2,True,2026-05-08,profit_target_100%,3.0419999999999994,2.673000000000001,,170.5499999999999,1.2760942760942748,True,2.0,False,debit_policy:unsupported_debit_direction,,,,,,,,False,,decision_replay_guard:debit_policy:unsupported_debit_direction,,1.0,debit-exit-target-revalue-v1-20260814,2026-04-27,129.14,71.4924838940587,129.402,124.383,-0.0294968624356518,0.2034293169322523,-0.0386404936425263,0.075543245774039,0.0262122502710237,123.76048310103016,0.3177933918233662,0.014541057796064143,0.2673000000000001,True,False,0.1120529597242633,-0.9761578658695312,-21.492483894058694,-0.04035117339186223,-0.038244776215399234,0.0294968624356518,-0.2034293169322523,0.0386404936425263,-0.075543245774039,-0.043467161441009594,-0.9720394736842105,7.1049654482698426,9.310909426897878,170.5499999999999,163.86749999999986,157.18499999999986,150.50249999999988,1,1,0,1,0.6336218747550806,120.285,147.01500000000007,22.35212712203301,22.35212712203301,291
NFLX,Communication Services,,False,2026-06-18,38,85.45,80.0,85.0,5.0,uw_flow_anchor_seed,candidate seed built from the closest liquid UW hot-chain contract before Schwab live spread expansion,2.25,-0.1518638817949746,-0.1324522917793079,-0.1450698252894913,0.264636511050787,0.8543806386573554,704451796.8227,1500.0,0.0,-0.1450698252894913,82183511.0,22.1978,0.2982064270367075,0.343135863093874,0.4140773437878477,screener_close_history_21d,0.720170836464536,-0.1158709167511402,0.0245236788179549,2026-07-16,NFLX260618P00085000,long,NFLX260618P00080000,NFLX260618P00085000,17859.0,40944.0,17041.0,702.0,116.0,413.0,0.0,16001.0,4.0,0.8959628198667339,0.0002239767064225,bearish,,34851402.0,47332109.0,94227943.0,20906390.0,28570131.0,18761978.0,13945012.0,1189470.0,0.012623325545799,0.2041973457194031,302.0,1428.0,65252.0,Bear Put,Bear Put Debit Spread,bear_put_debit_vertical,bear_put_debit_vertical,Debit,flow+liquidity/contract flow,spread_leg,multi-leg context dominates (90%); do not read as standalone direction,,2.99,,0.5980000000000001,85.0,2.3900995484253444,0.005266237565828,0.0481633584302988,per_ticker_coverage,supportive,exact-leg OI/side bias supports bearish direction,-20.0,1830.0,bullish,bearish,/Users/anuppamvi/uw_root/tradedesk/2026-05-11/chain-oi-changes-2026-05-11.zip,"premium=29763, volume=353, multi_leg=74","premium=569512, volume=2701, multi_leg=129, stock_multi_leg=2000",,0.5980000000000001,estimated_debit_above_target_kept_for_replay,bot_eod_loaded,dp_eod_loaded,chain_oi_loaded,2026-05-11,range,debit-v3.0-bull-call-only,credit-v4.0-regime-map-validated-rv,debit-v3.0-bull-call-only,True,2026-06-18,77.38,True,-0.059834582579478,debit,entry_debit_at_or_below_target,,True,filled_at_mid_plus_slippage,5.0,1.0,1.21,1.105,2.15,2.9,2.525,0.297029702970297,bot_eod_first_regular_nbbo,bot_eod_first_regular_nbbo,2026-05-12T13:30:05.576127+00:00,2026-05-12T13:30:00.251576+00:00,1.562,1.42,1.9,1.562,0.3124,2.25,2.25,2.201024327784891,83.438,2026-05-11,2026-05-12,37,87.66,next_session_first_regular_nbbo,next-session-bot-nbbo-hot-fallback-v2,True,2026-06-12,profit_target_100%,3.3345,3.124,,177.25000000000003,1.134763124199744,True,20.0,False,debit_policy:unsupported_debit_direction,,,,,,,,False,,decision_replay_guard:debit_policy:unsupported_debit_direction,,1.0,debit-exit-target-revalue-v1-20260814,2026-05-11,85.45,24.46351931330463,87.47,93.739,-0.0611953416831464,-0.171675067855758,-0.0908467392959929,-0.2492147850981424,0.0243342806988213,94.54059811750184,0.7745495468350977,0.5072771889696379,0.3124,True,False,0.1450698252894913,-0.8543806386573554,25.53648068669537,0.06687718025581679,0.08842637536137576,0.0611953416831464,0.171675067855758,0.0908467392959929,0.2492147850981424,0.09615549614149255,-0.9208702023333145,9.79031885443049,10.619984981704288,177.24999999999997,169.43999999999997,161.62999999999997,153.82,7,1,0,1,0.6477892840756976,140.58,171.82000000000002,30.549372345247924,30.549372345247924,413
WFC,Financial Services,,False,2026-06-18,35,73.785,80.0,75.0,5.0,uw_flow_anchor_seed,candidate seed built from the closest liquid UW hot-chain contract before Schwab live spread expansion,2.25,0.1711495839926108,0.1669666954800064,0.1696855730131992,-0.145485967260186,0.7923526158279237,103913201.5365,338.0,0.0,0.1696855730131992,47238584.0,41.4292,0.305572225552965,0.3491839862108715,0.2613328273882236,screener_close_history_21d,1.1692837390804385,0.0442393981647413,0.0125565963920306,2026-07-21,WFC260618C00075000,long,WFC260618C00080000,WFC260618C00075000,1541.0,3039.0,648.0,891.0,2.0,0.0,0.0,857.0,0.0,0.5561323815704088,0.0,mixed,,27661724.0,19576860.0,48422016.0,1209367.0,2015570.0,17561290.0,26452357.0,39259878.0,0.8107856971506515,0.0939813303601013,249.0,489.0,7681.0,Bull Call,Bull Call Debit Spread,bull_call_debit_vertical,bull_call_debit_vertical,Debit,flow+volatility+liquidity/contract flow,spread_leg,multi-leg context dominates (81%); do not read as standalone direction,,2.38,,0.476,75.0,1.9420958226558984,0.0164667615368977,0.0442658676110051,per_ticker_coverage,contrary,exact-leg OI side bias conflicts with bullish direction,228.0,37.0,mixed,bearish,/Users/anuppamvi/uw_root/tradedesk/2026-05-14/chain-oi-changes-2026-05-14.zip,"premium=36970, volume=482, multi_leg=120","premium=62583, volume=264, multi_leg=128, stock_multi_leg=1",,0.476,estimated_debit_above_target_kept_for_replay,bot_eod_loaded,dp_eod_loaded,chain_oi_loaded,2026-05-14,uptrend,debit-v3.0-bull-call-only,credit-v4.0-regime-map-validated-rv,debit-v3.0-bull-call-only,True,2026-06-18,82.2,True,-0.0586374695863747,debit,entry_debit_at_or_below_target,,True,filled_at_mid_plus_slippage,5.0,0.61,0.78,0.6950000000000001,2.15,2.28,2.215,0.2446043165467626,bot_eod_first_regular_nbbo,bot_eod_first_regular_nbbo,2026-05-15T13:41:31.403395+00:00,2026-05-15T13:48:55.432247+00:00,1.67,1.5199999999999998,1.67,1.67,0.3339999999999999,2.25,2.25,1.9940119760479045,76.67,2026-05-14,2026-05-15,34,73.42,next_session_first_regular_nbbo,next-session-bot-nbbo-hot-fallback-v2,True,2026-06-18,expiry_settlement,5.0,3.34,,333.0,1.9940119760479045,True,3.0,False,debit_policy:flow_alignment_below_0.20|contract_flow_spread_leg,,,,,,,,False,,decision_replay_guard:debit_policy:flow_alignment_below_0.20|contract_flow_spread_leg,,1.0,debit-exit-target-revalue-v1-20260814,2026-05-14,73.785,33.84924047004871,74.34299999999999,79.12075,-0.0679004547751389,-0.091876923076923,-0.0901399911211298,-0.157706527158672,0.0262393634013881,78.90594980220716,0.5927312499085078,0.47463753215304105,0.33399999999999996,True,False,0.1696855730131992,0.7923526158279237,-16.150759529951287,-0.06038554993475176,-0.06743806144405862,-0.0679004547751389,-0.091876923076923,-0.0901399911211298,-0.157706527158672,-0.06489941271911437,-0.15789473684210525,7.340835554123275,8.019612794400267,333.0,324.65000000000003,316.3,307.95000000000005,0,2,1,1,0.6121055672622708,150.3,183.7,20.74325946559847,20.74325946559847,413
FCX,Basic Materials,,False,2026-06-18,31,60.515,55.0,60.0,5.0,uw_flow_anchor_seed,candidate seed built from the closest liquid UW hot-chain contract before Schwab live spread expansion,2.25,-0.2221892398408575,-0.2084496546178304,-0.217380385012798,-0.0369031189623076,0.7878429798898252,65895779.6812,267.0,0.0,-0.217380385012798,24359807.0,52.2767,0.493246495400144,0.599286354706436,0.6616426393363236,screener_close_history_21d,0.7454877694927682,-0.1683961439361796,0.0427326508034939,2026-07-22,FCX260618P00060000,long,FCX260618P00055000,FCX260618P00060000,455.0,16068.0,248.0,204.0,3.0,46.0,0.0,34.0,0.0,0.0747252747252747,0.0,mixed,,9473660.0,14886147.0,25965440.0,7722203.0,12388763.0,2497384.0,1751457.0,1127273.0,0.0434143615513544,0.245285422698182,215.0,556.0,10161.0,Bear Put,Bear Put Debit Spread,bear_put_debit_vertical,bear_put_debit_vertical,Debit,flow+volatility+liquidity/contract flow,directional,premium bias -21.7% aligns with Bear Put,,3.2,,0.64,60.0,2.3415457219972526,0.0085102867057754,0.0155195911413969,per_ticker_coverage,contrary,exact-leg OI side bias conflicts with bearish direction,406.0,537.0,bullish,mixed,/Users/anuppamvi/uw_root/tradedesk/2026-05-18/chain-oi-changes-2026-05-18.zip,"premium=87730, volume=895, multi_leg=69","premium=271064, volume=1135, multi_leg=76",,0.64,estimated_debit_above_target_kept_for_replay,bot_eod_loaded,dp_eod_loaded,chain_oi_loaded,2026-05-18,range,debit-v3.0-bull-call-only,credit-v4.0-regime-map-validated-rv,debit-v3.0-bull-call-only,True,2026-06-18,68.68,False,0.172976121141526,debit,entry_debit_at_or_below_target,,True,filled_at_mid_plus_slippage,5.0,1.53,2.1,1.815,3.8,3.85,3.825,0.3140495867768595,bot_eod_first_regular_nbbo,bot_eod_first_regular_nbbo,2026-05-19T13:31:56.721616+00:00,2026-05-19T13:31:56.629690+00:00,2.2110000000000003,2.01,2.3200000000000003,2.2110000000000003,0.4422,2.25,2.25,1.2614201718679328,57.789,2026-05-18,2026-05-19,30,58.7,next_session_first_regular_nbbo,next-session-bot-nbbo-hot-fallback-v2,True,2026-06-18,expiry_settlement,0.0,4.422000000000001,,-221.1,-1.0,False,9.0,False,debit_policy:unsupported_debit_direction,,,,,,,,False,,decision_replay_guard:debit_policy:unsupported_debit_direction,,1.0,debit-exit-target-revalue-v1-20260814,2026-05-18,60.515,54.98162956559326,64.564,61.7045,-0.0598881466521672,-0.1375329580275066,-0.0585490420938011,-0.1793283833897947,0.0435417428972745,62.00205761852225,0.7900699441658086,0.1097493792178114,0.44220000000000004,True,False,0.217380385012798,-0.7878429798898252,-4.981629565593259,-0.04634183892584809,0.01927736226693355,0.0598881466521672,0.1375329580275066,0.0585490420938011,0.1793283833897947,0.02398400433210801,-0.09734513274336283,6.1224928095143865,9.684647229041753,-221.10000000000002,-232.15500000000003,-243.21000000000006,-254.26500000000001,5,1,0,0,0.64018765844021,198.98999999999998,243.21000000000006,39.88098256226081,39.88098256226081,413
WULF,Financial Services,,False,2026-06-18,29,21.63,24.5,22.0,2.5,uw_flow_anchor_seed,candidate seed built from the closest liquid UW hot-chain contract before Schwab live spread expansion,1.12,-0.3121424290992178,-0.2925161078672767,-0.3052732166680384,0.0994818445953765,0.9206538082907736,79695806.6138,245.0,0.0,-0.3052732166680384,16693892.0,28.5794,0.929097060107829,1.149595253306022,0.7830829345145693,screener_close_history_21d,1.1864606150353325,0.1460141255932596,0.0577058001152136,2026-08-14,WULF260618C00022000,long,WULF260618C00024500,WULF260618C00022000,2369.0,17272.0,53.0,2304.0,12.0,6.0,0.0,2278.0,1.0,0.961587167581258,0.0004221190375685,bearish,,5741510.0,10952382.0,17813966.0,5341604.0,10329451.0,622931.0,399906.0,6309170.0,0.3541698687423115,0.0763553601759908,173.0,468.0,6927.0,Bull Call,Bull Call Debit Spread,bull_call_debit_vertical,bull_call_debit_vertical,Debit,flow+volatility+liquidity/contract flow,spread_leg,multi-leg context dominates (96%); do not read as standalone direction,,2.18,,0.8720000000000001,22.0,2.2214164910002454,0.0171058714748035,-0.0019184652278176,per_ticker_coverage,supportive,exact-leg OI/side bias supports bullish direction,95.0,-3385.0,bullish,bearish,/Users/anuppamvi/uw_root/tradedesk/2026-05-20/chain-oi-changes-2026-05-20.zip,"premium=10894, volume=98","premium=473520, volume=2747, multi_leg=2525, stock_multi_leg=1",,0.8720000000000001,estimated_debit_above_target_kept_for_replay,bot_eod_loaded,dp_eod_loaded,chain_oi_loaded,2026-05-20,uptrend,debit-v3.0-bull-call-only,credit-v4.0-regime-map-validated-rv,debit-v3.0-bull-call-only,True,2026-06-18,28.98,True,-0.1656314699792961,debit,entry_debit_at_or_below_target,,True,filled_at_mid_plus_slippage,2.5,1.36,1.5,1.4300000000000002,2.09,2.39,2.24,0.1339285714285715,bot_eod_first_regular_nbbo,bot_eod_first_regular_nbbo,2026-05-21T14:30:17.181453+00:00,2026-05-21T13:31:20.890687+00:00,0.8910000000000001,0.81,1.03,0.8910000000000001,0.3564,1.125,1.125,1.805836139169472,22.891,2026-05-20,2026-05-21,28,22.935,next_session_first_regular_nbbo,next-session-bot-nbbo-hot-fallback-v2,True,2026-06-18,expiry_settlement,2.5,1.7820000000000005,,160.9,1.805836139169472,True,1.0,False,debit_policy:flow_alignment_below_0.20|contract_flow_spread_leg,,,,,,,,False,,decision_replay_guard:debit_policy:flow_alignment_below_0.20|contract_flow_spread_leg,,1.0,debit-exit-target-revalue-v1-20260814,2026-05-20,21.63,49.60567823343848,22.122,22.225,-0.0644463667820069,0.0525547445255474,-0.0630183919466956,0.0103168682302197,0.083712436430883,22.28066332638829,0.6022502502858014,0.007455216548026178,0.35640000000000005,True,False,-0.3052732166680384,0.9206538082907736,-0.39432176656151796,-0.004634420697412933,-0.02677165354330724,-0.0644463667820069,0.0525547445255474,-0.0630183919466956,0.0103168682302197,-0.029203050055411572,-0.9550275774289351,7.7706452341291765,9.756899867693285,160.9,156.445,151.98999999999998,147.535,2,1,1,1,0.6228071568162253,80.19,98.01000000000002,12.97423534465134,12.97423534465134,413
CSCO,Technology,,False,2026-06-26,30,119.67,113.0,118.0,5.0,uw_flow_anchor_seed,candidate seed built from the closest liquid UW hot-chain contract before Schwab live spread expansion,2.25,0.1773295781221948,0.1587855739206507,0.1708391766516543,-0.3792872321966444,0.9607288869658444,631874182.7718999,795.0,0.0,0.1708391766516543,22007107.0,60.0059,0.3662660351608285,0.387367733128165,0.5411372222042398,screener_close_history_21d,0.6768450221718251,-0.1748711870434112,0.0195843837397241,2026-08-12,CSCO260626P00118000,long,CSCO260626P00113000,CSCO260626P00118000,1470.0,1473.0,632.0,738.0,100.0,0.0,0.0,1466.0,0.0,0.997278911564626,0.0,mixed,,12954809.0,9052298.0,24577239.0,9393774.0,6344913.0,2707385.0,3561035.0,1466900.0,0.0596853047651121,0.1292645510655151,208.0,732.0,10158.0,Bear Put,Bear Put Debit Spread,bear_put_debit_vertical,bear_put_debit_vertical,Debit,flow+volatility+liquidity/contract flow,spread_leg,multi-leg context dominates (100%); do not read as standalone direction,,4.7,,0.94,118.0,1.9726802704815232,0.0139550430350129,0.0206928523263654,per_ticker_coverage,supportive,exact-leg OI/side bias supports bearish direction,13.0,1420.0,bearish,bearish,/Users/anuppamvi/uw_root/tradedesk/2026-05-27/chain-oi-changes-2026-05-27.zip,"premium=3468, volume=13, multi_leg=11","premium=725974, volume=1475, multi_leg=1474",,0.94,estimated_debit_above_target_kept_for_replay,bot_eod_loaded,dp_eod_loaded,chain_oi_loaded,2026-05-27,range,debit-v3.0-bull-call-only,credit-v4.0-regime-map-validated-rv,debit-v3.0-bull-call-only,True,2026-06-26,112.935,True,-0.0032319475804665,debit,entry_debit_at_or_below_target,,True,filled_at_mid_plus_slippage,5.0,1.95,2.85,2.4,3.45,4.65,4.050000000000001,0.375,bot_eod_first_regular_nbbo,bot_eod_first_regular_nbbo,2026-05-28T13:34:30.744048+00:00,2026-05-28T13:43:44.906718+00:00,1.815000000000001,1.6500000000000008,2.7,1.815000000000001,0.3630000000000002,2.25,2.25,1.7548209366391168,116.185,2026-05-27,2026-05-28,29,118.64,next_session_first_regular_nbbo,next-session-bot-nbbo-hot-fallback-v2,True,2026-06-26,expiry_settlement,5.0,3.630000000000002,,318.4999999999999,1.7548209366391168,True,4.0,False,debit_policy:unsupported_debit_direction,,,,,,,,False,,decision_replay_guard:debit_policy:unsupported_debit_direction,,1.0,debit-exit-target-revalue-v1-20260814,2026-05-27,119.67,84.00873574375152,118.191,104.95175,0.0371814872594904,0.3777342850564127,0.0143801843278943,0.3232583193972071,0.0373882343110219,107.59146656432742,0.5440482078774335,0.20043388501075077,0.3630000000000002,True,False,-0.1708391766516543,-0.9607288869658444,-34.008735743751515,-0.12614606235722614,-0.1402382523397656,-0.0371814872594904,-0.3777342850564127,-0.0143801843278943,-0.3232583193972071,-0.11226293145145472,0.07737226277372262,7.293697720601438,7.295735072749282,318.4999999999999,309.4249999999999,300.3499999999999,291.2749999999999,0,1,0,1,0.7367669953697458,163.3500000000001,199.65000000000012,67.79641931921776,67.79641931921776,413
BABA,Consumer Cyclical,,False,2026-07-17,18,95.51,101.0,96.0,5.0,uw_flow_anchor_seed,candidate seed built from the closest liquid UW hot-chain contract before Schwab live spread expansion,2.25,0.4630001875387494,0.3467537291704937,0.4223139271098599,0.2679407414866801,0.9319827413710344,259820183.0127,540.0,0.0,0.4223139271098599,118903427.0,53.2513,0.450512247318787,0.513555443012918,0.3269851474942084,screener_close_history_21d,1.377775873831598,0.1235270998245785,0.0315746787410235,2026-09-04,BABA260717C00096000,long,BABA260717C00101000,BABA260717C00096000,776.0,1055.0,280.0,355.0,141.0,0.0,0.0,55.0,0.0,0.0708762886597938,0.0,mixed,,86977868.0,31925559.0,158764865.0,16940216.0,16755258.0,15170301.0,70037652.0,91458060.0,0.576059822807773,0.8290032381057613,284.0,962.0,23867.0,Bull Call,Bull Call Debit Spread,bull_call_debit_vertical,bull_call_debit_vertical,Debit,flow+volatility+liquidity/contract flow,spread_leg,multi-leg context dominates (58%); do not read as standalone direction,,3.85,,0.77,96.0,2.2016867955819475,0.0051303528426342,0.0190039591581579,per_ticker_coverage,supportive,exact-leg OI/side bias supports bullish direction,30.0,948.0,mixed,bullish,/Users/anuppamvi/uw_root/tradedesk/2026-06-29/chain-oi-changes-2026-06-29.zip,"premium=11563, volume=65, multi_leg=47","premium=413941, volume=1105, multi_leg=11",,0.77,estimated_debit_above_target_kept_for_replay,bot_eod_loaded,dp_eod_loaded,chain_oi_loaded,2026-06-29,uptrend,debit-v3.0-bull-call-only,credit-v4.0-regime-map-validated-rv,debit-v3.0-bull-call-only,True,2026-07-17,114.97,True,-0.1315125684961294,debit,entry_debit_at_or_below_target,,True,filled_at_mid_plus_slippage,5.0,1.51,1.86,1.685,3.05,3.6,3.325,0.2077151335311573,bot_eod_first_regular_nbbo,bot_eod_first_regular_nbbo,2026-06-30T13:34:33.553950+00:00,2026-06-30T13:37:49.882729+00:00,1.8040000000000005,1.64,2.09,1.8040000000000005,0.3608,2.25,2.25,1.7716186252771615,97.804,2026-06-29,2026-06-30,17,95.98,next_session_first_regular_nbbo,next-session-bot-nbbo-hot-fallback-v2,True,2026-07-08,profit_target_100%,4.1175,3.608000000000001,,231.3499999999999,1.2824279379157422,True,2.0,False,debit_policy:dte_outside_7_10_or_22_45|contract_flow_spread_leg,,,,,,,,False,,decision_replay_guard:debit_policy:dte_outside_7_10_or_22_45|contract_flow_spread_leg,,1.0,debit-exit-target-revalue-v1-20260814,2026-06-29,95.51,2.216174183514795,97.63,112.1035,-0.0901209869486519,-0.2311222025438737,-0.085566922546927,-0.2106590045743305,0.0361592652975754,109.85583676954946,1.5550972704168924,0.19546070371642513,0.3608000000000001,True,False,0.4223139271098599,0.9319827413710344,-47.783825816485205,-0.12910836860579733,-0.14801946415589162,-0.0901209869486519,-0.2311222025438737,-0.085566922546927,-0.2106590045743305,-0.13058784304418425,-0.11811023622047244,6.655440350367647,6.962243464266207,231.34999999999994,222.32999999999993,213.3099999999999,204.28999999999996,0,2,1,1,0.5945140454958803,162.36000000000007,198.44000000000005,16.060667614913626,16.060667614913626,524
